Model,Generated_Texts,Bleu
ada,Text1,0.055245
ada,Text2,0.09753
ada,Text3,0.064305
curie,Text1,0.24572500000000003
curie,Text2,0.18028
curie,Text3,0.16126000000000001
davinci,Text1,0.100365
davinci,Text2,0.07839
davinci,Text3,0.31387
turbo,Text1,0.36367
turbo,Text2,0.364425
turbo,Text3,0.3344
