Generated_Texts,Model,Length
Text1,ada,266.10
Text1,curie,361.20
Text1,davinci,165.80
Text1,turbo,353.80
Text2,ada,249.60
Text2,curie,280.80
Text2,davinci,169.30
Text2,turbo,335.90
Text3,ada,163.70
Text3,curie,269.65
Text3,davinci,314.65
Text3,turbo,361.40